"iso","umd_tree_cover_extent_2000__ha","area__ha"
"DEU",12526779.901286863,35783855.98693655
