"iso","umd_tree_cover_extent_2000__ha","area__ha"
"THA",5936848.616778689,5971469.487586141
